Natesh Ponnambalam wrote a review Jul 2019,50,Chennai - New Delhi,Domestic,Premium Economy,Value for money,Vistara has always been value for money. You pay for the excellent service you are offered. Fast checkin good food. Friendly staff.
Agam T wrote a review Jul 2019,50,New Delhi - Kochi (Cochin),Domestic,Premium Economy,Very Good experience,"The overall experience was very good. The seats, leg room, in flight service and crew attitude were all very good."
VINAY SINGHAL wrote a review Jul 2019,50,New Delhi - Bagdogra,Domestic,Economy,Palace on sky,The best airline with best service. Highly recomended airline. No complaints. Best airline of India. 10 on 10
royalmaharana wrote a review Jul 2019,50,New Delhi - Bhubaneswar,Domestic,Economy,Wonderful flying with Vistara,"Vistara gives you the best in-flight experience. The seats are the best in class. Best leg space and wonderful meals.
I will give Vistara 5 stars."
333zaink wrote a review Jul 2019,50,New Delhi - Bhubaneswar,Domestic,Premium Economy,Vistara - the answer to the airline industry in india.,"When this airline came about, it was much touted a a ""fine"" airline. I didn't believe it, and flew it - a few times, and heres the facts.

The simplest to interact with airline
The ease of being taken care of by non-overworked, happy, and genuine - not programmed, staff.

Each flight on vistara has been the most relaxing flight I've taken. Its not over done, its not treated like a cheap budget airline for low worth humans.
It genuinely does it well... And makes u feel... Relaxed.

It is, undoubtedly, the airline equivalent of sitting in a non fancy chair in a taj property, with the efficiency whiff of a vivanta... And fairly, paying the price of a Starbucks.

And none judges you for it. Not once in their hands.

Its every flight i book now.

Congratulations Vistara, you redefined the bar."
Lauriana FF wrote a review Jul 2019,40,Mumbai - Bengaluru,Domestic,Economy,Comfortable and Classy,"It was my first trip with Vistara and I must say it definitely won't be the last one. Thoughtfully designed seats, polite, helpful and mannered flight attendants, organized check-in. All in all a wonderful experience. Definitely the best Domestic airline to fly with in India!"
Keshav Kumar Bhati wrote a review Jul 2019,50,New Delhi - Mumbai,Domestic,Economy,Delhi to Mumbai,"I flew Vistara in the month of March,2019 with Family. It was family trip.The staff of Airlines was very Cooperative and courteous.their treatment with Economy class people was very good."
Felix A wrote a review Jul 2019,30,New Delhi - Amritsar,Domestic,Business Class,Business Class but service not at par,"We flew Business Class from New Delhi to Amritsar and back however, though the staff were polite and attentive, the service was way below par. The food on the way was not as per expectation in terms of taste or portion size, hardly any choices and served cold!

On the way back it was even worse with a simple tasteless sandwich that was served to all passengers across all class. This is not to say that we expected better food - we expected good food for all.

Also there is no in flight entertainment - at least business class could have had this provision.

However we would recommend use of their lounge at New Delhi airport - the spread of food is good though space is not well designed and would not be enough for a lot of guests."
colshri wrote a review Jul 2019,50,New Delhi - Mumbai,Domestic,Economy,Vistara is very good Airline,"Very good reception at airport, efficient check in system, good in flight service including complimentary meals"
MANOJ PANDA wrote a review Jul 2019,50,Bhubaneswar - Lucknow,Domestic,Economy,THE BRAND ITSELF GIVES YOU THE ASSURANCE FOR SERVICES,"TATA and SINGAPORE AIRLINES both known for their Brand Value and services and they have maintained it in VISTARA (JV of these trusted Brand).
On-time, Flight Cleanliness, Safety, Boarding and Baggage arrival assistance is really high class."
Ishaan Bharadwaj wrote a review Jul 2019,50,New Delhi - Hyderabad,Domestic,Business Class,My 50th Trip with Vistara and my first trip to Hyderabad.,"Have been a frequent flyer with Vistara since its inception. Always at seat 1F, great breakfast with Breakfast smoothie, Muesli, Fresh cut fruits and Butter Croissant. Very spacious and high quality seats. Propmt service and excellent baggage handling. Also that Starbucks coffee and tea onboard. It is genuinely the 5 star airline of India.

Always left impressed!"
Venkit S wrote a review Jul 2019,50,New Delhi - Hyderabad,Domestic,Premium Economy,"THE ONLY BEST DOMESTIC FLIGHT IN INDIA, WHO DESERVES TO BE NUMBER ONE","one of the best service you get in all fronts.
on time dep/arv
good foods
vistaraworld inflight wifi
customer services
new aircrafts"
Tony B wrote a review Jul 2019,50,Goa - Mumbai,Domestic,Premium Economy,Goa To Mumbai,"Having flown Vistara several times earlier as well, decided to take this flight from Goa to Mumbai and as usual we were not disapointed one bit. Staff on ground as well as cabin crew were extremely courteous and professional. Meals on board were sumptuous. The flight was bang on time for departure and so was the arrival. Yet another truly wonderful experience."
Souri Sengupta wrote a review Jul 2019,50,Kolkata - New Delhi,Domestic,Premium Economy,Really Fly High with Vistara,"I flew Vistara in the month of April, 2019 due to a medical emergency. I took a New Delhi-Kolkat Flight on April 2,2019 and returned on April 19,2019. Right from the arrangement of wheel chair to food were so efficiently and sympathetically worked out by the cabin crew(s), that I really felt overwhelmed. The premium Economy has extra leg space and a special Menu for the passengers. Apart from that overall I loved the way Vistara staff conduct themselves. I will always recommend travel by Vistara. The only catch is that it is bit expensive. But good things do not come cheap."
Rajendra K wrote a review Jul 2019,40,Chennai - Port Blair,Domestic,Economy,Comfortable Seating & Value for Money,Though I am frequent traveler since 15 years..it was my first in Vistara. We as a group of 10 members had been to Andamans for Family Vacation. Just on seeing the flight details only I chose Vistara for convenience of timings. I was bit hesitant too. But it was really a great trip and all our kids enjoyed. Seating was very much comfortable and must to be appreciated. Snackers along with fair was very worthy. Attitude of Staff need to be applauded. Few could speak Tamil also and hence our aged parents were happy to converse with them. Wheel Chair assistance was provided without any hassle. I expect that the Air Vistara management shall upkeep their service quality constantly and improvise with many more amenities to establish it as one of the most preferred airlines in India.
Leena wrote a review Jul 2019,40,New Delhi - Chennai,Domestic,Economy,Good experience,"On paper, Vistara is a bit on the higher side as compared to Indigo and Spice Jet. However, as it does not charge extra for Web check-in, seat selection and meals, the overall cost was at par at least for this particular flight. The meal included was nutritious and tasty. Overall experience quite good. Only problem is that they fly to limited destinations as of now compared to other domestic airlines. For example, there is no flight from Delhi to Trivandrum though this is a busy route."
IndiaBohemian wrote a review Jul 2019,40,Mumbai - Bengaluru,Domestic,Economy,Comfortable,"The aircraft was spacious and the legroom was quite decent.
The crew seemed to be very efficient and polite. Overall look of the airline is pretty neat."
Ravi C wrote a review Jul 2019,50,Mumbai - Bengaluru,Domestic,Premium Economy,Wonderfully different,"My first flight in Vistara. Premium Economy is a brilliant idea. Extremely spacious, comfortable. Wide seats, lots of legroom, more than one window to oneself. Honestly helpful cabin crew, superbly tasty on board food, super coffee from Starbucks. Not flying any other airline henceforth."
jdkalwani wrote a review Jul 2019,50,Mumbai - Bengaluru,Domestic,Economy,REUNION,"Well this was another good airline , good service , good seats , good meal .
Standard of the staff and aircraft is International standard , you would not feel that you are flying a local Airline . Would Love to take this Flight again to other destinations with India ."
aavvik100 wrote a review Jul 2019,50,New Delhi - Hyderabad,Domestic,Economy,Best domestic carrier in India,"Its not just for this particular flight but any Vistara flight I boarded was a great experience. Its almost like boarding Singapore airlines international flight. the behaviour of the attendants are really good, and inflight food is the best in Indian domestic sector."
Siddhartha wrote a review Jul 2019,50,Dibrugarh - Pune,Domestic,Business Class,On time...excellent hospitality,I always look forward to travel via Vistara for the excellent service rendered...The flight took off on time and the hospitality was per excellence.. Thanks for the ever smiling staff.The layoff time in Delhi on the way to Pune was perfect. no daly in the connecting flight.
vinodajoshi wrote a review Jul 2019,50,Mumbai - New Delhi,Domestic,Economy,Pleasure Flying,"It was pleasure flying with Air Vistara with more legroom, excellent service n food on the board, will prefer to fly again"
DEVBRATH M wrote a review Jul 2019,40,New Delhi - Chandigarh,Domestic,Economy,Nice comfortable journey from Delhi to Chandigarh and back on Vistara airlines,"It was a very pleasant experience as I was flying along with my family from Delhi to Chandigarh and back during my recent trip to Shimla .

Vistara airlines staff were cordial and our journey was pleasant and comfortable.

We would definitely fly on Vistara during our next trip soon."
Dineshdave wrote a review Jul 2019,50,Ahmedabad - New Delhi,Domestic,Economy,Excellent airline,"Vistara is excellent airline with passenger friendly crew. Flight timings are also convenient. Though not much to choose in meal except veg or non veg, food served is good."
Maninder S wrote a review Jul 2019,40,New Delhi - Kochi (Cochin),Domestic,Economy,Nice Vistara,It's comfortable....on time.. check in is easy...web check-in is must .... you can get boarding passes easily... complimentary food is of good quality and tasty.. Vistara world is good to enjoy free movies on board.
Rajiv G wrote a review Jul 2019,40,New Delhi - Jammu City,Domestic,Economy,One of the best experiences,"i would have rated it as THE BEST EXPERIENCE, if not for the little lackadaisical approach of ground staff. The inflight experience was simply WOW mainly due the attitude and behaviour of cabin crew and flight crew."
tickettoamoment wrote a review Jul 2019,50,Lucknow - Amritsar,Domestic,Premium Economy,Best service on broad,This was my first experience om vistara airlines I always prefer indigo but this time I try this premium economy package which was far way good. Now every time I would like to travel with this flight only. ‚úà‚úà
Sanjay Kt wrote a review Jul 2019,50,Bengaluru - New Delhi,Domestic,Economy,Best domestic airline,"Currently the best domestic airline in India.
Very comfortable , great service , comfortable seats , pleasant and courteous staff members. Yummy food which can be booked while booking the tickets . On time flights too.
Overall a great experience"
Mannu Bhardwaj wrote a review Jul 2019,50,New Delhi - Mumbai,Domestic,Premium Economy,Best Service,Vistara Airlines is best in aviation industry in india. The in flight service is very pleasant.would like to travel again
AMIT Pandita wrote a review Jul 2019,40,Jammu City - New Delhi,Domestic,Economy,Best Airline Services,"Vistara has a great service along with well maintained planes & very polite cabin crew comparatively with other local carriers, would recommend Vistara to everyone & hope they keep upgrading their services."
Rajiv_sant wrote a review Jul 2019,40,New Delhi - Chandigarh,Domestic,Economy,The Best thing to happen to Indian Aviation post Kingfisher n Jet Airways,"I have been using this airline across sectors though mentioned above is a very short forty min flying time. The airline presents itself in many ways with no frills except professionalism. There are no unnecessary and forced smiling but pleasant appearance of the staff. Reminds me of early days Lufthansa. The aircrafts are clean and so are the washrooms. The schedules are convenient and keeping to time percentage high.
The announcements are clear and the flights especially take-offs and landings superb. It seems that the pilots enjoy flying and are not pushed so no rush or hustle bustle.
The food on board is rudimentary and not great. Perhaps the food that is sold is better.
Overall experience has been top class."
Pankaj sehgal wrote a review Jul 2019,50,New Delhi - Chandigarh,Domestic,Economy,Excellent flight,"Amazing Evening flight UK i forget the flight number but its amazing
Captain was too good , crew looks stylish."
JMD wrote a review Jul 2019,50,Pune - New Delhi,Domestic,Economy,"On-time, Decent flights","Till now my all the experiences with Vistara is been wonderful. Last few months had to frequently visit Delhi & Lucknow and the best thing for me was no havoc of flight cancellations at the last moments.
Apart from being assured that my flight won't cancel due to unnecessary reasons I also find Vistara flights decently clean & new with smiling, supportive, wonderful in-flight staff."
vamsi wrote a review Jul 2019,50,Hyderabad - New Delhi,Domestic,Business Class,Awesome experience,"Vistara‚Äôs Business Class is no doubt the best in domestic airlines. Seats are spacious, service is wonderful, food & drinks variety is rich, staff was very friendly. So I recommend their business class for anyone who is in need of this class in domestic travel."
Vikas Chawla wrote a review Jul 2019,50,Chandigarh - Hyderabad,Domestic,Premium Economy,Happy Journey with Vistara,Many thanks to all the Vistara Airlines Crew for extending great hospitality. My flight got cancelled from Chandigarh due to bad weather and staff helped a lot. I would strongly recommend this airlines.
Dhyan Chand wrote a review Jul 2019,50,New Delhi - Leh,Domestic,Economy,Good Airline,"A time punctual airline, neet and clean inside, I feel some difficulty to breath staff allow more 20 minutes for feel normal, food quality excellent. Behavior of staff good and and disciplined. I recommend Vistara."
Deepak G wrote a review Jul 2019,50,Chennai - Kolkata,Domestic,Economy,VI*a,a 6* airlines. Professional and courteous in every way. Will be my preferred airlines. Glad they have launched the BOM route too now. Looking forward to my next flight soon. Food was definitely best in the current airline food scene.
Avril D wrote a review Jul 2019,50,Pune - Hyderabad,Domestic,Economy,Flight,"From Check-in to Baggage Claim, this was one of the most professionally handled flights I've been on - and I've been on a hundred, both domestic and international. Staff courtesy at check-in was just right, not ingratiating. The on-board staff ensured my odd-shaped but fragile cabin baggage was protected so it wouldn't slide around in the overhead bin. The take off and landing were immaculate. Baggage claim was effortless and quick - no irritating wait at the carousel. I was out of the airport and in my cab in a jiffy. Kudos, Vistara!"
Mohd Iqbal wrote a review Jul 2019,50,New Delhi - Hyderabad,Domestic,Economy,Best airline for a comfortable journey,"Only one word is enough for the review, which is ""awesome"".
Timely flights, comfortable seats, good food that too complimentary and nice and courteous staff."
KatwalAnkush wrote a review Jul 2019,50,Bengaluru - Jammu City,Domestic,Economy,One of the Best Airlines,"I am flying with the airlines from past 10 years and I really want to admire the service of Vistara Airlines. They are one of the best Airlines in India.

The service is impeccable and the staff is very professional."
veronica_lalwani wrote a review Jul 2019,50,Mumbai - Hyderabad,Domestic,Economy,Excellent flight - took off and landed on time,"I took the morning flight to Hyd (UK877) and it was a hassle-free experience. Currently, Vistara is boarding from terminal 2 (my favorite part of taking a flight out of Mumbai) and the boarding was seamless.
We landed well in time and the in-flight service couldn't get better. Though, while booking the tickets, it didn't show us an option to buy a meal. I'd recommend checking with the airline before booking - as we didn't come across any option to buy a meal after completing the ticket booking."
Mrs D wrote a review Jul 2019,50,New Delhi - Pune,Domestic,Economy,Excellent flight,"You get a good experience, flights are smooth, good interior, free food which tastes okay. Staff is professional. Boarding process is smooth. Will expect more coverage though"
Ptat14 wrote a review Jul 2019,20,Bengaluru - Mumbai,Domestic,Economy,Time is money,"Vistara has started flights between Mumbai and Bangalore reducing the vacuum left by exit if jet airways. But due to the schedule, the aircraft operates between these two cities multiple times in the day. Any airline that operates to Mumbai is sure to get it's schedule thrown to the wind and if it flies multiple times in the day, the problem multiplies exponentially. So all evening flights on this sector are delayed Atleast by an hr. So doesn't matter to what service you offer, if your schedule is all over the place nothing helps. So vistara needs to improve its scheduling and try to keep time. Until then it's just not worth to travel in the second half of the day."
Fouad Farooq wrote a review Jul 2019,50,Srinagar - New Delhi,Domestic,Business Class,Everytime my experience gets better...,"Vistara is my most preferred airline. And definitely so. It provides great services at a good price point. Nothing beats their customer service. The awards they have won since their inception are a testimony to that. I wish it continues so.

Though I feel, they need to improve their inflight entertainment. It has very less content to choose from. At least a business class deserves screens for the inflight entertainment rather than a customer going on one's own device and draining the battery on board."
Abhishek Saha wrote a review Jul 2019,40,Kolkata - Mumbai,Domestic,Economy,Luxurious Flying Experience With Best Hospitality,"I boarded UK-772 from Kolkata. No doubt the flight was there before time and boarding started 30 mins early. So by the actual timing the flight was ready to take off.

The hospitality by the cabin crew was really good. I woul have appreciated if they could have the coffee service in better manner.

The flight reached Mumbai before time very smoothly."
Capi T wrote a review Jul 2019,40,New Delhi - Goa,Domestic,Economy,excellent inflight,"Was extremely satisfied by the services, quality of the flight and above everything cleanliness of the aircraft. The best option for in India"
Jose George wrote a review Jul 2019,50,Chennai - New Delhi,Domestic,Economy,Value for money,"Fantastic service by Vistara Airlines. Spacious economy seats, tasty food, courteous staff and on time performance."
Rakesh Rawat wrote a review Jul 2019,10,Chennai - Mumbai,Domestic,Economy,Diverted flight!,"I had a return flight from Chennai to Mumbai by Air Vistara flight UK 824( hope I got the number correct)on 1st July 2019 which was late in Chennai itself. Once the flight was nearing Mumbai the pilot announced that runway one is closed and they are arranging alternate runway but nothing like this happened. After hovering for around 35 mins the pilot announced we are diverting to Hyderabad as landing in Mumbai is not possible due to weather conditions and a skid aircraft. All this is fine and understandable. Bad weather is not airlines fault. But after landing in Hyderabad we were in the aircraft for nearly an hour and then around 0330 hrs we were asked to deplane and just left . No one from Air Vistara on ground to assist us and tell us what next . After 30 mins one gentleman came and he found it very difficult to handle the queries of the flyers. Not his fault he was all alone and we soon discovered that there are quite a few Air Vistara flights which have been diverted and are parked. I had to wait all night and finally got a boarding pass for a flight at 1130 hrs which later took flight at 1300 hrs. Nothing was offered by the airline but some water and tetra pack juices. Once again I say bad weather is not airline fault but poor handling definitely is.
A lot is expected of Air Vistara but alas very poor recovery systems in place.
Hope they get it right ."
Shobhanki Bal wrote a review Jul 2019,40,Mumbai - Goa,Domestic,Business Class,Efficient staff and Quality service.,"This airline undoubtedly proved to be a good choice. Everything from comfort to cuisine and hygiene was looked after very well. The staff was well groomed and almost every customer was attended to. This flight with vistara was delightful. Only thing that they'd need to work on is the in-flight Wi-fi facility which probably doesn't work on a few devices. I'm sure that would be taken care of too. It's a good choice for frequent flyers as you'll have added benefits with discounts and ither options. In all, Vistara is a good choice."
Kushal N wrote a review Jul 2019,40,Lucknow - New Delhi,Domestic,Economy,Quite decent at the current time,"One of the most decent and sober airlines in the Indian sky. Well planned boarding, systematic, well-mannered crew. Till recent times they used to serve food that was too good. But, probably given the high operational cost, they have withdrawn in the food service in the economy class. One needs to buy food on board. Hope they grow well."
abhi_banerjee83 wrote a review Jul 2019,10,New Delhi - Mumbai,Domestic,Economy,More than 3 hrs delay,"horrible experience with Vistara flight on June 12. Every 45 minutes they changed the flight status and at last it took off after 1 am instead of 9.30 pm.

Most pribably My first and my last Vistara !!"
VirsaTravels wrote a review Jul 2019,50,New Delhi - Kochi (Cochin),Domestic,Economy,Best Indian Airline!,"The leg space, in flight food and staff behaviour...everything was superb. Keep it up team. Best wishes!"
sky wrote a review Jul 2019,50,Goa - Mumbai,Domestic,Economy,Best airline,"World class service in domestic sector. Checkin was smooth, they waived off 2 kg excess luggage, boarding was on time. Followed sequencial boarding. In flight complimentary meal was served hot. You can even buy paid meals of your choice if you want on board.
Only the issue was with the legroom. Rest all the experience was good."
Shashank wrote a review Jul 2019,50,Mumbai - New Delhi,Domestic,Premium Economy,The new Star in Indian Skies,After the downfall of Jet Airways I guess Vistara is in for grabbing the premium airline tag in India. The flights are new and a smart option of Premium Economy makes it easy for passangers to choose comfort at economical rates. The staff is helpful and the ease of preponing flights in case you arrive early at the airport is a service to die for.
Varun wrote a review Jul 2019,50,New Delhi - Srinagar,Domestic,Economy,Flight to Srinagar,"The flight was nice. On time. Nice courteous and prompt crew. The intranet for movies and entertainment didn‚Äôt work but then it didn‚Äôt bother much as the flight time was less. But would have been required on a long flight.

Enjoyed the flight."
Victor B wrote a review Jul 2019,50,Chennai - Kolkata,Domestic,Economy,Vistara flight Experience,"Per my experience Vistara is the best of the lot of flights currently operational in India. The flight takes off on time and lands before time in most of the cases I have boarded. The seats are spacious with lot of leg rooms. In flight entertainment options are very limited and so is food. You have to pre-purchase food online if you desire to eat during flight. For kids they are very friendly. Everytime I travel with my child, they offer either toys or snacks for free."
Rita A wrote a review Jul 2019,40,Mumbai - Goa,Domestic,Economy,Good choice,"Was extremely surprised by the services, quality of the flight and above everything cleanliness of the aircraft. The best option for a domestic flight. It‚Äôs just confusing the fact that they don‚Äôt serve meals to everyone. When I purchased my ticket I believed I had meal included but was only served water on board. It should be more clear, either you serve meals to all passengers or you don‚Äôt."
Stephen L wrote a review Jul 2019,30,Mumbai - New Delhi,Domestic,Business Class,Debateable is business class is worth it,"My first trip with Vistara, it won't be my last as on board service was very good, but I do question the value of business over Premium Economy on the service. You get more luggage and a wider seat, both useful, and the food is good. The inflight entertainment is the same as everyone else and the very grand lounge in Mumbai tells you ""one free beer only, the rest you buy"" with only soft drinks on board.

Where business class, or frequent flyer gold status, is needed is the airport as the check in was horrendous. It is disorganised and there was one guy on his own trying to keep the flow of customers going. This valiant man was trying to control a lot of people in long queues and they are not patient. In some cases unfairly so, but most were correct in worrying about missing their planes despite being at the airport in good time.

So maybe Business is worth it, as you can get through the madness of check in relatively unscathed. If not, make sure you arrive at least three hours early."
Harjinder S wrote a review Jul 2019,10,New Delhi - Chandigarh,Domestic,Premium Economy,Missed flight due to negligence of staff,It is due to the negligence of the staff member at the desk I missed the flight because desk member I was standing in the line has taken a so much time to clear the customer in front me where as other desk member there with no passenger As I have been waiting to be called next limitless waiting caused me to miss my flight and made me to wait and travel by bus as the next flight was about 14 hrs later and upto 4 days later till this post Vistara has not send me the email or text message about my missed flight status or what money has to be reimbursed
Sahilagg wrote a review Jul 2019,50,Mumbai - New Delhi,Domestic,Premium Economy,Best Indian Flight Services,"Have travelled with almost all the Indian flight carriers but I have to say that Vistara is the best airlines in India.

They have 3 classes i.e. economy, premium economy and business for every man's need. The staff and the crew are polite and helpful. The food served is great. I had different options every time I flew with them. The premium economy has special curated menu for the passengers. They provide excellent onboard service.
The cabin is neat and clean with comfortable seats. They have taken very good measures not to make it too crowded. The premium economy seats are more comfortable and cozy. The passengers are given blankets as well like international flights.

Overall experience has been really good although still have to try the business class which I hope will do in near future.

I would definitely recommend to everyone traveling in India whether be it for business or leisure."
Anant B wrote a review Jul 2019,10,Lucknow - New Delhi,Domestic,Economy,Tried for the 1st and 2nd time but turned out a mistake,"Have been flying a lot due to business and leisure and the only thing expected from an airline is customer service.

It failed drastically with Vistara this time. Bad check in experience followed by bad cabin experience.

Flight was delayed by 2.5 hours (which is understandable) but no communication at all and on top of NO apologies either, not even for not communicating.

Cabin seemed untrained.

May not fly again probably. Bad bad."
dipti wrote a review Jul 2019,10,Bengaluru - New Delhi,Domestic,Economy,Worst,"I have got the job offer from Vistara Airlines, at the beginning they asked me to pay Rs.2200 for security deposit and 1st round of interview. Mr. Amit Singh (HR of Vistara Airlines) called me and said that I have been qualified to work for Vistara but they asked me to pay verification amount of Rs.8500 also for my appointment letter. Again they asked me to pay 18000 for security purpose. When I denied to pay he went rude and told me to drop this application.

I accepted for it and asked for refund but that person started claiming about companies policies and all, telling that amount will not be refunded till 120 days.

Such a nonsense and un professional behaviour from the HR. I suggest you to not apply job to this Airlines."
IntrepidNomad wrote a review Jul 2019,50,New Delhi - Varanasi,Domestic,Economy,Five Star Experience,"We had never heard of Vistara - and travelling internally in India we thought we would be flying with chicken coops overhead.
This is a very elegant, 5 star plane that offers the customer service of Singapore Airlines (they are in partnership with Tata). The Crew work extremely hard to get up in the air, serve the refreshments, then food, collect the rubbish then get you down on the ground.
This was a 1 hour flight - we flew back to Delhi and experienced the same great service."
Ajay Kacker wrote a review Jul 2019,50,Kolkata - New Delhi,Domestic,Economy,Turbulent flight but on time with great service,"Flew from Kolkata to Delhi on the evening 5 pm flight.

Flight was full and take off on time

Enroute there was turbulence galore and the seat belt sign was kept switched on almost throughout the flight.

Had the chilly chicken n noodles option for snacks, which was great.

Overall a great experience"
Amit Sood wrote a review Jul 2019,50,Chandigarh - New Delhi,Domestic,Economy,Amazing crew,Travelled for work . The crew was polite & helpful . The departure & arrival was on time. Very clean
Iris1926 wrote a review Jul 2019,50,Ahmedabad - Leh,Domestic,Economy,Extremely pleasant experience,"Superb airlines, food fresh, tasty and filling. Service on Paris with the best. However, one item was unapetising--maggi with paneer in red sauceüòè The staff is very helpful."
nirajeris86 wrote a review Jul 2019,50,New Delhi - Chennai,Domestic,Economy,amazing... rediscover flying,"redefining flying in deed. no second thought,, the ways things are planned with vistara... everything looks like luxury..."
niloo77 wrote a review Jul 2019,50,Mumbai - Goa,Domestic,Economy,Excellent airline!,"Excellent flight,landed right on time.The seats were comfortable.The flight attendant promptly handed me all the Sunday dailies on request and it was a smooth flight..Bottled water is also provided complimentary."
Sakshi & Ankur wrote a review Jul 2019,40,Lucknow - Bangkok,Southeast Asia,Economy,Very Comfortable flying experience and amiable staff,"We took an early morning flight from Lucknow to Bangkok. Not our first time. From our past experiences, we know one thing for sure, is to carry a shawl handy. On board temperatures are sometimes very unnerving. To our pleasant surprise, there were very cozy pillows and super comfy blankets. I found myself almost lying down on my husband's lap. (Thanks to the generous lady at the check-in counter, who did not allot the 3rd seat to anyone.) It was a great experience flying with them, almost like flying internationally, for the price of travelling with country. There were alcoholic beverages being served, averag-ish food, a display screen that showed ""just for Laughs- gags"". and the sunrise was definitely breathtaking in the sky.
On the whole, the experience was great."
I love my India wrote a review Jun 2019,30,New Delhi - Mumbai,Domestic,Business Class,Good service but not like jet airways,"It was on time flight service was bit disappointed in business class.so what we will expect from economic class. I request for some peanuts or any other snack with welcome drink but, I have to buy that! So I buy that is not a problem but when they take it back from my hand by saying that sir plz swipe your card first then I will give you product that was insulting. We don‚Äôt deserve this kind of behaviour in business class at least.in my carrier of flying I never buy anything in jet airways like that specially when you are travelling in business class. Any ways food was not good in vegetarians so hostess name ragini was very cooperative so she try her best but, over all we don‚Äôt have any option because jet airways is no more in operations so Vistara becomes first option"
Abhyudaya wrote a review Jun 2019,50,Kolkata - Mumbai,Domestic,Business Class,Great experience,"Flew business class on a late night flight. The service standards are high, and fhe staff display authentic behavior. Food was slightly more spicy than I would prefer. The airline should work on correcting this."
pagarwalmumbai wrote a review Jun 2019,40,Bengaluru - Mumbai,Domestic,Business Class,Comfortable Business Class,"I travelled Vistara Business for the first time. The experience was good, service was excellent, Food also good. The business Class had something missing, as it was not upto the mark. The seats are not as comfortable and Food can be better. Also I have been flying Jet Airways for the last 15 years and this is not comparable."
Pratyush Praveen wrote a review Jun 2019,50,Bengaluru - Mumbai,Domestic,Economy,Vistara - With Taj and Singapore hospitality combined,"I believe that as of now, Vistara is the best airways in the Indian Airspace. The highlight is the hospitality of TATA and Singapore Airlines. From Check-In to Baggage collection, every step is methodical and well defined.

May be some passengers may get upset, but the airlines should not allow two hand bags. Despite best efforts by the airlines (they provide priority tag for quick baggage disposal on the belt), passengers insists on carrying bulky hand bags in the cabin.

Quality of the food is good.

The member ship program should have more options under points redemption, other than redeeming the points only for flight. If I am wrong, I need guidance..."
Riaz1977 wrote a review Jun 2019,30,Chennai - New Delhi,Domestic,Premium Economy,Over Hyped service,"Flew for the second time on Vistara. The plus points
1) good leg room in premium economy
2) gives a menu for food selection
3) gives a cold or hot towel.

The service nothing worth the hype, food normal airline food again nothing worth the hype ."
Explorer939 wrote a review Jun 2019,50,Mumbai - Chennai,Domestic,Economy,Travel from Mumbai to Chennai,"Was very pleased with quality and standard of service, Very professional staff. Meal was excellent. Well done ."
Neil R wrote a review Jun 2019,20,Mumbai - Bengaluru,Domestic,Economy,Flight delays means confusion,"5 hour delay to the flight but no clarity of accouncements by the gate staff and confusion all around. they must pull up their socks, customers don't forget"
rplakhani wrote a review Jun 2019,50,Mumbai - Chennai,Domestic,Economy,"Real Class, justifying the Tata's trust",This JV of Tata & Singapore airlines is slowly & gradually penetrating Indian skies from all sides with class in house service levels and a on time arrival making it a preferred flying partner for Indians. Recommended.
Abhyudaya wrote a review Jun 2019,40,Mumbai - Kolkata,Domestic,Business Class,Customer service,"A great experience from the check in counter, on board and deplaning. The cusomter service is excellent; the staff gets cusomter service and are authentic. The food options are great, however was slightly spicy for my taste. You could take it down a notch."
Manish Sarraf wrote a review Jun 2019,30,New Delhi - Goa,Domestic,Premium Economy,Booked Premium Economy class flight thinking to be Best Airline but just like other flights,The flight services are very poor and food is not according to menu provided in flight though I had booked premium economy class for my family I had bad experience.
Abhyudaya wrote a review Jun 2019,40,Mumbai - New Delhi,Domestic,Economy,Good customer service,"Had a pleasant experience on board. The leg space was comfortable, flavorful and good quality food. The serving portion was reasonable as well. My overall experience from boarding to deplaning was satisfactory"
Manoj Kumar wrote a review Jun 2019,10,New Delhi - Kochi (Cochin),Domestic,Economy,Poor Service Airline that is spoiling the name of Singapore Airlines.,Poor service airline. Expects the travelers to compromise on its services but refuses to adjust a small bit for its customers. I had a terrible experience on my return flight i.e. COK to DEL and on my onward travel on 2nd June 2019 from Delhi to Cochin in flight number UK885 the airline could not give us non-veg meal as they were short of the same and we were left with no option.
Manoj Kumar wrote a review Jun 2019,10,Kochi (Cochin) - New Delhi,Domestic,Economy,Very Poor Service and Uncourteous Staff.,"The airport staff at Counter number 16 on 17th June, 2019 took almost 20 minutes to get the check-in formalities done and hand over the boarding pass. We were three travelers and had three kilograms extra in total which means just a kilogram extra per passenger. But the executive on the counter refused to accommodate and made us to pay the extra sum. I requested a couple of times but the executive was very adamant. This was strange as the the airline expects the customers to adjust on the poor service they are offering but could not adjust a kilogram of weight extra. During the boarding process at the boarding gate the airline had untrained staff who could not even make the boarding process smooth. We were made to stand outside the queue as some other seat numbers were boarding but when our boarding started they did not bother to inform us. During the flight the airline could not give us a pillow on request which I suppose is a basic thing. The landing was also terrible as it was cloudy outside but had never ever experienced such turbulence in my life."
BalkrishnaShroff wrote a review Jun 2019,50,Goa - Mumbai,Domestic,Economy,Five Star Airline !!,"It was our first flight with Vistara and we had heard a lot of positive things about them. Whatever we had heard , we found Vistara deserved more than that. Right from check-in to boarding and cabin service, everything was of top class. The 'Tata"" brand of service was very clearly visible. The flight started and landed on time. No doubt it has become our favorite airline in first experience.
Keep it up !!"
malvinaashok wrote a review Jun 2019,50,New Delhi - Mumbai,Domestic,Economy,Excellent service by Vistara..,"Keep up the excellent service ..i love the food and the hospitality.. All the air hostess are superb in their attitude towards hospitality.
No complaints.."
ravitrack2media wrote a review Jun 2019,50,New Delhi - Mumbai,Domestic,Economy,Excellent Service,The best part about Vsitara is its customer centric policies and attitude of the staff members. Last month I forgot my MacBook on flight from Delhi to Mumbai but the way they immediately contacted and the team led by Karan Thakkar and Neha made it a hassle free return (they reminded me) made the experience worth a memory. Unike the rude staff of IndiGo that has an edge just because of more fleet.
malini55 wrote a review Jun 2019,50,Bengaluru - New Delhi,Domestic,Premium Economy,Felt finally pampered... Flew like one should,"Vistaara

Flew a very pleasant flight from. Ban galore To Delhi
Tata stands for standards and it was evident in the cleanliness.. Temperature mantained in cabin and also the food served.. Perfect is the word

Staff were good except one who served us.. ""phunjolink"" Not sure if I spellee her name correctly.. She was either too tired or not so interested.
Missed name of your main lady in command.. Absolutely fab body language and fabulous customer service

Few points to make it better for World

Any way we can replace plastic that wraps your cleaned blankets.. It's one time use and sheer crime
Similarly your tea/ coffee stirrer can it be of stick..
Water bottles can it be paper glasses..

Otherwise..must mention you guys are here to stay and thanks for making us fly royally.. Had been agesssss now.."
sumeranjan wrote a review Jun 2019,50,Mumbai - New Delhi,Domestic,Economy,best in the country,Best airlines currently in the country right now. even in economy class they give premium services. excellent service. there is also an inflight entertainment service. download the app and enjoy movies and music on the go.
Vinita K wrote a review Jun 2019,10,New Delhi - Bengaluru,Domestic,Premium Economy,No concept of customer service- held customer hostage to missing their flight,"We were flying from Delhi to Bangalore to attend a final wedding function on 7th June 2019. We were flying back to Sydney on 9th June from Bangalore and were aware that we would require additional baggage allowance. We purchased the maximum allowed being 20kgs and paid for it. Our credit card was debited for the relevant amount and we used the Vistara website to pre-purchase. At the airport the airline staff said there was no payment on their records. We showed them the screenshot of the payment and our bank statement but to no avail. They passed on the failings of their faulty website to us and we had to pay again (at double the pre-purchase rates) and were told that if we missed the flight that would not be refundable either and we would have to pay again for the flights. We were shocked at being held hostage by the manager on duty. We had no choice but to pay again. We felt unheard, no care for our circumstances. It was all about the money - $300. We have always travelled Vistara when we fly within India but are probably will not anymore given our experience. We will be lodging a formal complain with Vistara as well to review their processes."
Vishal wrote a review Jun 2019,50,New Delhi - Goa,Domestic,Premium Economy,Wonderful flying experience,"It was a memorable experience. The flight was smooth, enjoyable and with excellent service. The onboard entertain on mobile was a great experience"
nvnarasimha23 wrote a review Jun 2019,50,New Delhi - Varanasi,Domestic,Premium Economy,Fly in India's best airline-fell like a king even in economy class,"for the first time in my life i travelled by Vistara. What an aircraft, its crew, service, leg space and cleanliness. In an economy class i was provided with a menu card and asked for my choice of drinks and meals. Everything was made available with a smile. In no time the destination arrived but the hospitality by the staff left a indelible impression. Thank You Vistara. No doubt you are India's number one."
Thiruvenkadam wrote a review Jun 2019,50,Chennai - New Delhi,Domestic,Economy,"Excellent hospitality, neatly maintained aircraft","It was a great experience in travelling with Vistara Airlines (one of the fine airlines in India). It was a really good feeling when we entered the flight in the morning. The flight was full of fog (artificial fog) and the air hostess welcomed us with a warm smile. The takeoff and landing was perfect and we didn't feel any discomfort. They have also provided coffee/tea with biscuits (free of cost) in addition to the meal. Overall good experience. If you travel by economy lite, you will not be provided food (coffee/tea is free) and the laggage allowed is 7 kgs. If you travel by economy, you will be provided free food along with 15 kg laggge allowance."
Bikash D wrote a review Jun 2019,50,New Delhi - Hyderabad,Domestic,Economy,A very rare customer care in today's aviation industry,"There was a long Q in the check in counter. I am used to this kind of long Q in Indigo Check in counters. Incidentally that day I had flew back by Emirates, where I faced similar Q at departure from Delhi on my way to Munich. Hence it was really pleasant surprise when they opened new check in counters to clear the rush. It was heartening to see that one airlines feels the pain of customers and acts."
Mudhit G wrote a review Jun 2019,30,Mumbai - Goa,Domestic,Business Class,Dissapointed,Was a bit dissapointed with my favourite domestic airline. They have taken over the Jet airways planes which are in a terrible condition. This way to make quick money is not at all good for the brand.
Bhupinder G wrote a review Jun 2019,40,New Delhi - Bagdogra,Domestic,Economy,On-boarding experience you will take as a memory back home,"Aircraft is an Airbus which means more comfortable seats and leg space even in economy class. Cabin Crew was really smart in handling things professionally and making journey as pleasant as possible. Food was packed with care and serving was awesome.

One thing which Vistara needs to improve is to realise that when there is a single PNR with 5-6 people travelling together; they are a Family and would like to be seated close to each other so that journey can be more memorable."
Chandra_A_Texas_USA wrote a review Jun 2019,50,Mumbai - New Delhi,Domestic,Business Class,Exceptional Business Class service,"Since business class is much more expensive than economy, few Indian customers seem to fly that. I was the only passenger in the Business class. The meal service along with other beverages was fantastic. The flight attendants were also very friendly and caring."
Aman K wrote a review Jun 2019,50,New Delhi - Mumbai,Domestic,Premium Economy,An oasis in the Indian skies!,"Domestic flying in India off late meant choosing between really poor full service carriers or Low cost carriers. Vistara truly is a breath air offering a full service proposition with the flexibility to tailor your flying experience like Low cost carriers. I upgraded to premium economy on option town for a mere 1500 rupees (20 dollars) and got priority check in, boarding and extra leg room. The check in and boarding process were an absolute Breeze and the aircraft was a sparkling A320neo. Seat comfort was fantastic with roomy seats and noticeably more leg room that was ample to work on your laptop and be able to exit your seat without having your seat mate get up. Inflight service was TOP notch for short haul with a meal that actually tasted like real food and a choice of beverages (something no full service carriers offer in India). The inflight service was friendly and efficient. The entire meal service was cleared within 30 minutes with the crew doing an extra drinks run. To TOP it all, we arrived 10 minutes early. Vistara offers streaming entertainment although the interface was a tad clunky and the content could have been curated better. Vistara would do well to offer inflight wifi. This was probably my only gripe (if I had to be picky). Overall, Vistara possibly delivers the best short haul experience globally. I would totally recommend buying the upgrade to premium economy as such a nominal cost as it makes it a truly hassle free experience. Let‚Äôs hope they can sustain the quality and not go the same way as Jet Airways."
Multiple_Sarcasms wrote a review Jun 2019,30,New Delhi - Chandigarh,Domestic,Economy,Underwhelming experience!,"I flew Delhi to chandigarh via G8 106 on 17th May, first time with vistara.

What an underwhelming experience!

My flight was supposed to take off 5.10 PM, there was some rain (ten minutes) and the flight got delayed by half an hour.

There was just 1 lady at Gate 48 to handle the people.

I'm sure it wasn't a sudden delay, even with the half hour delay someone senior should have been there to assist her.

Thankfully the crowd was decent, and calm. Irritated as I was but calm.

Then I got SMS it was delayed to 8 pm!

The delay could not be helped, not in hands of Vistara, if due to safety it's landed in Varanasi (If I believe the story we got) but there was no service recovery of anykind.

We just waited till 8 pm, finally took off at 9.10 Pm. (Again, lets say it's not Vistara at fault)

But the other flights of Vistara and other flights were on time, there was no delay or anything for others. I know this because I saw the status board at the airport.

Weird how the only flight to be delayed was this. Maybe because it's a small city not Mumbai, Calcutta.. Etc.

Anyway.. We landed I think around 950 or something around that.

This situation could have been handled better, but having more people speaking to the flyers... Giving some access to lounge.. Or something. And better grievance handling training for the staff.

My first and probably last flight with Vistara. Will stick with GoAir."
Dr. Santosh Raut wrote a review Jun 2019,50,New Delhi - Pune,Domestic,Economy,Extremely satisfying journey,"Highly recommend airline Vistara, same experience like Jet Airways, Free meal during journey is added bonus, all staff is very co-operative, cleanliness is on their upmost priority, everything was satisfactory. Highly recommended..."
Raj W wrote a review Jun 2019,50,New Delhi - Kochi (Cochin),Domestic,Premium Economy,Great service for a local flight,"Excellent facilities and location in a functional and lovely International airport in Mumbai. No Comparable airport in the USA!! . Immensly helpful staff at the desk who with a smile transferred my bags from the International flight and directed me to the lounge. New., clean plane with comfortable seats and great legspace and a small , separate compartment for premium economy . Courteous, efficient, smiling flight crew who very attentive to every need. Good food on a tray with silverware and choice of entrees. On time departure and arrival . My first experience was just superb. Hope to choose Vistra where ever available . Very impressed - must be Tata company !!"
Vivek Arora wrote a review Jun 2019,50,New Delhi - Kochi (Cochin),Domestic,Economy,Pleasant First flight,"Had a very pleasant first experience flying with Vistara.
Convenient check-in, efficient and pleasant staff, good ambience in the aircraft.

Perhaps the only full service airline giving a great experience at the same cost as budget airlines."
rjain2029 wrote a review Jun 2019,50,New Delhi - Raipur,Domestic,Premium Economy,Best Airline!!,"It was a great experience as the service in premium economy is the best budget business class. Our luggage arrived first, the food was delicious and the leg room was better than economy. The service is quite impressive. Surely, the first preference to travel."
Jimuz Kitchen wrote a review Jun 2019,40,New Delhi - Guwahati,Domestic,Economy,In-flight food,"The meals served in the afternoon, it has become repetitive for frequent flyers like us because there is no changes & it is same and neither are there any alternative options except veg or non veg. Other then that overall flight experience is great."
arun_saini29 wrote a review Jun 2019,10,New Delhi - Chandigarh,Domestic,Economy,Misleading of ground staff,"On 01 June 19, I was traveling Delhi to Chandigarh. During check in I were asked for any electronic items or power bank in checked in baggage. Same time at counter itself I informed power bank is inside by mistake can we take it out. My baggage was there only. I was informed no problem give us your mobile number security will call you if they wish. You already declared so no need we will mention here. Just before 30 minutes prior to gate close, we receive a phone call and called to open the baggage. But airlines security denied to handover the power bank. They simply told, you want to catch flight or power bank. choose one option. I request them I informed at check in counter then why airline officer misguide me ? But no use. I was having plenty of time during check in, no rush, to remove power bank from checked in baggage.
It was first trip with vistara airlines and in future we never use again not because that we lost power bank because of their misguide and behavior. They are not cheap in price but cheap in customer relationship.
Also I tried to contact airlines through email but I didn't received any response. It shows how they are maintaining relationship with customers."
Armindo Gonsalves wrote a review Jun 2019,10,Amritsar - New Delhi,Domestic,Economy,Awful Baggage Experience & Unconcerned Check in staff,"We were a family of 4 with children travelling on 9 th May by Flight No UK707 Seat No 25 C,D,E & F
Most Domestic Airlines have a policy of 15 kg baggage allowance per pax
But Vistara is the only Domestic Airline having a one piece baggage policy which I realized on the Day of My check in at Amritsar Airport
We had a total of 5 bags weighing 60 ks but when we went to check in we were told that we could only check in 4 bags as per Airline Policy so we checked in 4 bags weighing a total of 45 kg and went for Security check were we were in for a shock as one bag which my younger daughter packed had a couple of Jam & Honey Bottles and we were told it could not be taken in as hand Luggage
The value of the jams & honey was not much but my younger daughter insisted on taking it
So I went back to the check in counter where I was told to pay aprox Rs 6000/- for a bag having stuff costing less than Rs 2500/-
The staff were very rude and non Cooperative and Insisted on the Amount being paid
As i had previously weighed my baggage I knew that my baggage which was checked in Earlier was less than 60 kg but still then the Airline Staff wanted to Fleece me and as I asked to speak the Station Manager who did not bother to come
Later one staff took me aside as It was Quiet commotion at the counter I then explained to him that as i was travelling with young children and as the children could not manage the weight per bag I had Distributed it so the children could manage handling their own bags
Vistara Being a Part Of the TATA group I expected some compassion from the staff taking example of the Legendery Mr Ratan Tata who is one of My Idols
but the staff simply refused to listen but later after a lot of arguments which were witnessed by a lot of passengers they took into consideration that my total baggage weight was less than 60 kg and made me pay a sum of Rs 500/- as handling fee for the extra bag which could be done earlier without all the Drama
i am writing this feedback because I had lodged a written Complain and given it to the Vistara Staff at Amritsar Airport before Departure But I guess it never reached the Management"
D Jain wrote a review Jun 2019,50,Goa - New Delhi,Domestic,Business Class,Excellent Service,"In India it's hard to find business class seats for domestic travel. Flying Vistara business class was a great experience. Right from the check-in process to inflight service, the experience was great! The food served was excellent too."
Sammy M wrote a review Jun 2019,50,Ahmedabad - New Delhi,Domestic,Economy,Great service!!,"Though it was a domestic flight, the services given by the Vistara staff made it feel better than most international flights. They made the whole experience special.."
arunabh m wrote a review Jun 2019,50,Mumbai - Bengaluru,Domestic,Economy,Great experience,"I wish to share a pointed compliment for the following staff at Mumbai.

1) Shaheroz Ansari
2) Biswajit Basak
3) Ashish Bardole

Ashish helped me to change me seat to an exit aisle - something which my travel desk misses blocking for me. Ashish was extremely courteous and helped me with a seat of my choice.

I wasn‚Äôt keeping too well today. While boarding my flight I requested Shaheroz and Biswajit at the boarding gate (87B) if I can be allowed to board first as and when the boarding for Economy class is announced. They both surprised me by offering to allow me to board as and when Business Class passengers could board. I was amazed at their empathy and spontaneous service. They understood that I wasn‚Äôt feeling well and took care of my physical as well as well as emotional needs.
.

My inflight experience was equally good. IFE Manpreet took very good care of all travelers including me. She was very hospitable. Observing that I want having much to eat, she offered yogurt and tea for me.I sincerely appreciate her thoughts.

Pls do thank Ashish, Shaheroz, Manpreet and Biswajit from my side pls.

UK 863/KIJ8U7"
Heine Husted H wrote a review Jun 2019,40,New Delhi - Mumbai,Domestic,Economy,"Efficient, friendly and nice","Vistara is by any measure a great choice for Indian domestic flights. Checkin, boarding and inflight service is impeccable!
Had a total of three domestic flights on thai trip (DEL-BOM-BLR-DEL) all to my fullest satisfaction"
Rajadas2014 wrote a review Jun 2019,40,New Delhi - Kolkata,Domestic,Economy,Very comfortable travel experience,"This was the first time I was traveled by Vistara. Good flight experience.
Nice amenities and nicely behaved air hostage. Good experience from ground level to flying level. Good food and nicely decorated aircraft."
28bharathid wrote a review Jun 2019,10,Hyderabad - Minneapolis,International,Economy,Terrible Experience with delayed baggage. Took them more than 5 days to resolve the issue. Team isn‚Äôt diligent,"#VistaraDelayedMyBaggageFor5DaysAndCounting #InternationalTravelersBewareOfVistara #NoAccountability #Unprofessional #NotDiligent I had an international flight from Hyderabad,India -Minneapolis, a connection with Vistara. My baggage got delayed for more than 5days now. When I call them about the same no one had any clue where my bags are at. They don‚Äôt seem to be very diligent about my issue. I had to bounce back and forth calling customer service and airport authorities. I‚Äôve not received my bags yet.

Here is my full story 1: The flight from Hyd-Delhi got delayed, they‚Äôve put me on different flight and was told by airport authority in Hyd that my baggage will be delayed by 2-4hours I agreed to it Since 2-4 hours wouldn‚Äôt have made much difference. Arrived in the states at Noon on June1st. I‚Äôve given them 24hours head start hoping I‚Äôll receive an email. On June2nd when I‚Äôve not received any update I got worried and called Customer service, After a long hold once I got through, I was told that they have to contact the airport authorities of Hyd for any status and the counter was closed(I called during my working hours, with the time difference and all) I‚Äôve asked them to keep me posted once they get a hold of them. 2: Waited another 24hours and yet again I got the same response. June3rd- This time the next day I‚Äôve directly contacted Hyderabad airport authorities myself, they said they have already sent them to Delhi.

3: Since I don‚Äôt have Delhi teams number I called Customer service, they created a request/complaint regarding the same and I‚Äôll be contacted with the updates.
4: I was being contacted by Vistara associate from Delhi team on June 4th he asked me to raise a claim report at my airport which I did on the very same day and gave him the details of the file number
5: June 5th I‚Äôve called the same guy from Delhi team he said he have to talk to KLM to send my bags.June 6th I‚Äôve called the same guy and he didn‚Äôt respond. So I had to call back customer service yet another time only to be told they haven‚Äôt escalated the issue since the last I called them was June3rd and couldn‚Äôt get a hold of airport authorities to give me anything.

The staff didn‚Äôt seem to be really diligent about what they were doing. They sounded like they are in it for just put in the hours and get it over with, no one was concerned unless I constantly stay in contact to get my stuff moving. After calling repeatedly and telling repeatedly that keep me posted, I‚Äôve not received updates. Vistara will run out of business if this is the behavior. Of all the 4times that I‚Äôve visited India never had to face an issue like this. Will never knowingly fly with Vistara. I really want to sue Vistara if I can, for putting me on this mental roller coaster ride and making me sleepless(with all the phone calls to make) and taking up so much time in resolving an issue."
rbs02 wrote a review Jun 2019,50,New Delhi - Varanasi,Domestic,Premium Economy,Best Ever Flight,"I got club vistara gold card through HDFC bank. while travelling to Varanasi from Delhi I requested airline to upgrade me against vouchers given with membership. I got a call from their office and confirmed my upgrade. The in flight experience was excellent with good food and service. while on delhi airport terminal T3 I saw their lounge near the gate. I just went in to see the lounge . At reception I mentioned that I don't have my card and vouchers for access to lounge, they immediately checked on computer and let me in the lounge very politely.
This kind of welcome is rarely seen in India.."
Anurudra Parial wrote a review Jun 2019,50,New Delhi - Kolkata,Domestic,Economy,Awesome flight experience,Fantastic services provided by Vistara staff as we took our to and fro journey on a vacation to New Delhi from Kolkata. Looking forward to travel again with Vistara.Great job!! Keep it up!!
DrivingtotheHills wrote a review Jun 2019,50,New Delhi - Chandigarh,Domestic,Economy,Very comfortable and extremely well trained and caring staff,"Travelled with my aged mother from Delhi to Chandigarh and both to and fro, I couldn‚Äôt have opted for a better airline"
ankit wrote a review Jun 2019,50,New Delhi - Pune,Domestic,Economy,One of the best airlines in the country today,"This is a fairly new airlines and doing pretty well so far, with the way their staff deals, overall service, food on board, scheduling on time, and even their loyalty programme!"
mukta wrote a review May 2019,50,Chandigarh - New Delhi,Domestic,Economy,Awesome experience,"Had a great time coming back from Ranchi to Delhi on Vistara flight. Although it started on a bad note as my flight was rescheduled and delayed by 3 hours due to summer schedule but I had urgency to reach so had to take the flight. Also I was reminded couple of times of the change in schedule which was really nice.

I was also amazed at the cleanliness standards and seats were comfortable. The quality of food provided in the flight was awesome. The crew was nice and friendly.
Overall I had a wonderful experience and I would recommend this flight to others."
ankit d wrote a review May 2019,50,New Delhi - Kochi (Cochin),Domestic,Economy,Reminds me Of Singapore Airlines,"I flew in from London to Delhi and had connecting flight with Vistara to Kochi as British Airways is a code share partner of Vistara.I had flown them before but that was in 2016 so I was pretty hesitant about the continuation of their fine service as I had seen a couple of years ago.However,I was pleasently surprised by the efficent and professional ground staff who were very warm and quick in their job and most importantly the Cabin crew who wore genuine smiles and served everyone with utmost care.I asked for more meal item and instead was given the whole platter which was obviously dependent on availblity.Im glad to say that Vistara has still maintained its excellent services both on ground and in air and their ever exuberant crew and delicious meals keeps one always reminding the sheer professionalism and warmness of its Parent Singapore airlines.I hope they stay the same and fly international soon."
Sunil N wrote a review May 2019,10,New Delhi - Mumbai,Domestic,Economy,Most unprofessional airlines,"most unprofessional. not a word pf aplology for a delayed flight and cannot issue an earlier flight as SALES WINDOW IS STILL OPEN. Did not expect this from a TATA firm.

Their travel desk at delhi T3 has the most unfriendly staff. I cannot understand how they can be in the travel and tourism business with such staff.

Last time that I will fly Vistara"
Kerry M wrote a review May 2019,10,New Delhi - Port Blair,Domestic,Premium Economy,Awful service,"We checked in and our boarding cards showed gate 52, when we went to gate 52 we were told it had been changed to gate 43A and by the time we rushed to gate 43A we were denied boarding as it was within 20 mins of departure time, yet none of the overhead boards were updated, after waiting ages to be taken back through security, we spoke to the ground staff at the desk, who wanted to charge us for another flight PLUS a penalty charge for the missed flight which was totally vistaras fault, we decided to rebook with Air India instead and had a much better experience , since returning home we have emailed vistara continually to no avail other than being offered 10% of of future flights with them for 6 months,as we had to book alternative flights, due to vistara giving the wrong date number we were left severely out of pocket, and although we gave an email from vistara confirming it was there fault they are not willing to reimburse us AVOID AT ALL COSTs"
Aditya Darak wrote a review May 2019,50,New Delhi - Pune,Domestic,Economy,The best Indian airline,I will highly recommend this airline to anyone flying domestic in India as it truly is the best airline in Indian skies. The friendly attitude and hospitality of crew is worth mentioning. The in flight reading magazine also has a lot of travel logues and is truly worth reading.
harishvas wrote a review May 2019,30,Bengaluru - Mumbai,Domestic,Economy,Average service,"Counter staff is not looking energetic. Uniform of flight attendants appears simple compared to the behemoth (Tata&SIA) who is running this airlines. Food served is also just just average. Seems due to lack of experience, attendants forgot to serve tea/coffee after the food, pitiable situation. Passengers are paying a premium for vistara tickets to get better service. Hope Vistara mgt will look into these basic issues."
